{
  "run": {
    "PSNR": [
      5.64521, 
      18.2875, 
      23.4245, 
      21.8163, 
      22.0596, 
      21.7965, 
      19.4012, 
      24.4647, 
      24.9936, 
      23.1405, 
      19.66, 
      21.346, 
      23.0321, 
      21.2593, 
      27.5514, 
      16.5942, 
      14.8685, 
      17.409, 
      15.0407, 
      22.3125, 
      23.4816, 
      26.2289, 
      24.3011, 
      30.5646, 
      26.2624, 
      21.7747, 
      16.7207, 
      28.7599, 
      25.9961, 
      26.16, 
      26.6837, 
      26.0981, 
      25.1226, 
      24.818, 
      24.5569, 
      23.861, 
      24.7942, 
      26.8134, 
      19.254, 
      18.1873, 
      23.0074, 
      29.4881, 
      29.4563, 
      24.3764, 
      26.707, 
      26.9656, 
      26.5108, 
      25.8207, 
      25.6929, 
      26.1289, 
      26.7823, 
      26.9789, 
      26.4403, 
      26.8912, 
      26.3989, 
      26.809, 
      26.8263, 
      26.9807, 
      27.2377, 
      30.0383, 
      31.1112, 
      31.2686, 
      31.274
    ], 
    "SSIM": [
      0.344862762872, 
      0.03554500950200001, 
      0.012756885479000002, 
      0.015358070734999951, 
      0.014936460764000015, 
      0.016063579491000013, 
      0.01758422711600005, 
      0.010587769864999985, 
      0.008537908722999976, 
      0.012180394995999988, 
      0.024877309272000048, 
      0.012233737173000025, 
      0.0003394740550000108, 
      0.007081996333999974, 
      0.005864914756000039, 
      0.06366873821300001, 
      0.09385629788100003, 
      0.04977633210999999, 
      0.07631151354300003, 
      0.020514039879000023, 
      0.015584872340000056, 
      0.008161074852000016, 
      0.012036891510999959, 
      2.0841000036853075e-08, 
      0.0025022831059999806, 
      0.01974386793399996, 
      0.06507012917099997, 
      3.2930100000050366e-05, 
      0.004436925322999996, 
      0.004558752409000055, 
      0.0023877626810000496, 
      0.0014481682110000227, 
      0.002470392690000045, 
      1.2943500005135888e-07, 
      1.461630000365588e-07, 
      0.00010603760100003079, 
      0.0052322187900000205, 
      1.354499999939307e-07, 
      0.028511468997999945, 
      0.035102532144000054, 
      0.014158256180999973, 
      0.0014537608450000405, 
      0.001760142294999989, 
      0.0021932813339999857, 
      0.0019474078800000294, 
      0.001267090412000016, 
      0.0031170547059999887, 
      0.006175607003999994, 
      0.0025272861470000407, 
      0.002026546531999962, 
      0.001954017746999992, 
      0.0021391506889999468, 
      0.0020034249910000357, 
      0.0014791244540000026, 
      0.0012960345429999798, 
      0.0010347112620000543, 
      0.0010084043629999817, 
      0.0008813350030000278, 
      0.001135156862000053, 
      0.0008890656469999758, 
      0.0008173012219999665, 
      0.0007928151360000468, 
      0.0007920381079999927
    ], 
    "perceptualdiff": [
      577516, 
      318844, 
      185928, 
      164748, 
      224437, 
      114416, 
      211985, 
      66280, 
      71536, 
      67309, 
      98126, 
      79918, 
      60316, 
      46423, 
      27280, 
      71725, 
      83644, 
      60898, 
      138242, 
      49166, 
      52378, 
      76360, 
      60550, 
      55922, 
      74029, 
      87040, 
      79708, 
      42837, 
      45701, 
      56581, 
      95640, 
      71970, 
      71646, 
      56812, 
      72840, 
      69654, 
      49690, 
      57813, 
      61769, 
      63895, 
      20529, 
      58266, 
      66224, 
      46333, 
      50092, 
      47764, 
      46152, 
      45449, 
      52809, 
      48857, 
      52356, 
      48094, 
      49827, 
      46580, 
      48320, 
      46738, 
      47766, 
      42858, 
      37517, 
      26210, 
      22838, 
      22195, 
      22172
    ], 
    "RMSE": [
      0.522083, 
      0.121794, 
      0.067418, 
      0.081131, 
      0.07889, 
      0.0813158, 
      0.107137, 
      0.0598088, 
      0.0562758, 
      0.0696588, 
      0.103993, 
      0.0856447, 
      0.0705331, 
      0.0865038, 
      0.0419209, 
      0.14801, 
      0.18054, 
      0.134756, 
      0.176997, 
      0.0766262, 
      0.0669761, 
      0.048815, 
      0.0609462, 
      0.0296326, 
      0.0486272, 
      0.0815205, 
      0.14587, 
      0.0364759, 
      0.0501414, 
      0.0492037, 
      0.0463249, 
      0.0495557, 
      0.0554461, 
      0.0574247, 
      0.0591772, 
      0.0641132, 
      0.0575826, 
      0.0456382, 
      0.108968, 
      0.123206, 
      0.0707344, 
      0.0335426, 
      0.0336654, 
      0.06042, 
      0.0462011, 
      0.0448455, 
      0.0472563, 
      0.0511643, 
      0.0519227, 
      0.0493803, 
      0.0458019, 
      0.0447767, 
      0.0476416, 
      0.0452314, 
      0.0478693, 
      0.0456616, 
      0.0455704, 
      0.0447677, 
      0.0434627, 
      0.0314838, 
      0.0278254, 
      0.0273258, 
      0.0273087
    ]
  }, 
  "samples": {
    "PSNR": [
      26.5499, 
      26.5406, 
      26.549, 
      26.6094, 
      26.5473
    ], 
    "SSIM": [
      0.28351941459600005, 
      0.09816152032299996, 
      0.15720013619200002, 
      0.313842534551, 
      0.01294013835200003
    ], 
    "perceptualdiff": [
      623, 
      927, 
      391, 
      255, 
      69
    ], 
    "RMSE": [
      0.0470439, 
      0.0470946, 
      0.0470489, 
      0.0467231, 
      0.0470579
    ]
  }
}